{"cameraMode":{"drawMode":0,"name":"Shaded","section":"Shading Mode"},"sceneLighting":true,"audioPlay":false,"sceneViewState":{"showFog":true,"showMaterialUpdate":false,"showSkybox":true,"showFlares":true,"showImageEffects":true,"showParticleSystems":true},"in2DMode":false,"pivot":{"x":2.1093811988830568,"y":1.266200065612793,"z":-0.9348583221435547},"rotation":{"x":0.2240876853466034,"y":0.13688386976718903,"z":-0.031806644052267078,"w":0.9643934965133667},"size":14.608353614807129,"orthographic":false}