{"cameraMode":{"drawMode":0,"name":"Shaded","section":"Shading Mode"},"sceneLighting":true,"audioPlay":false,"sceneViewState":{"showFog":true,"showMaterialUpdate":false,"showSkybox":true,"showFlares":true,"showImageEffects":true,"showParticleSystems":true},"in2DMode":false,"pivot":{"x":2.595890998840332,"y":1.5032472610473633,"z":-0.9662361145019531},"rotation":{"x":0.2148139923810959,"y":0.1545361429452896,"z":-0.034445397555828097,"w":0.9637457132339478},"size":14.608353614807129,"orthographic":false}