{"cameraMode":{"drawMode":0,"name":"Shaded","section":"Shading Mode"},"sceneLighting":true,"audioPlay":false,"sceneViewState":{"showFog":true,"showMaterialUpdate":false,"showSkybox":true,"showFlares":true,"showImageEffects":true,"showParticleSystems":true},"in2DMode":false,"pivot":{"x":2.4675683975219728,"y":0.9145689010620117,"z":-1.2319793701171876},"rotation":{"x":0.23649877309799195,"y":0.15228384733200074,"z":-0.03755876049399376,"w":0.95889812707901},"size":14.608353614807129,"orthographic":false}